YEAR,WGMS_ID,POLITICAL_UNIT,NAME,AREA,WINTER_BALANCE,SUMMER_BALANCE,ANNUAL_BALANCE,REMARKS
1962,300,NO,HELLSTUGUBREEN,3.3800001,1181.0,-397.0,783.0,Original
1963,300,NO,HELLSTUGUBREEN,3.3800001,933.0,-1922.0,-988.0,Original
1964,300,NO,HELLSTUGUBREEN,3.3399998999999996,722.0,-812.0,-90.0,Homogenized
1965,300,NO,HELLSTUGUBREEN,3.3399998999999996,1300.0,-753.0,546.0,Homogenized
1966,300,NO,HELLSTUGUBREEN,3.3399998999999996,959.0,-1592.0,-632.0,Homogenized
1967,300,NO,HELLSTUGUBREEN,3.3399998999999996,1500.0,-902.0,597.0,Homogenized
1968,300,NO,HELLSTUGUBREEN,3.3399998999999996,1398.0,-1473.0,-75.0,Homogenized
1969,300,NO,HELLSTUGUBREEN,3.3399998999999996,957.0,-2199.0,-1242.0,Homogenized
1970,300,NO,HELLSTUGUBREEN,3.3399998999999996,704.0,-1667.0,-962.0,Homogenized
1971,300,NO,HELLSTUGUBREEN,3.3399998999999996,1122.0,-1235.0,-112.0,Homogenized
1972,300,NO,HELLSTUGUBREEN,3.3399998999999996,940.0,-1419.0,-479.0,Homogenized
1973,300,NO,HELLSTUGUBREEN,3.3399998999999996,1196.0,-1409.0,-212.0,Homogenized
1974,300,NO,HELLSTUGUBREEN,3.059,1012.0,-726.0,285.0,Homogenized
1975,300,NO,HELLSTUGUBREEN,3.059,1357.0,-1691.0,-334.0,Homogenized
1976,300,NO,HELLSTUGUBREEN,3.059,1153.0,-1869.0,-715.0,Homogenized
1977,300,NO,HELLSTUGUBREEN,3.059,687.0,-1373.0,-685.0,Homogenized
1978,300,NO,HELLSTUGUBREEN,3.059,1064.0,-1547.0,-482.0,Homogenized
1979,300,NO,HELLSTUGUBREEN,3.059,1436.0,-1426.0,10.0,Homogenized
1980,300,NO,HELLSTUGUBREEN,3.059,814.0,-2012.0,-1197.0,Homogenized
1981,300,NO,HELLSTUGUBREEN,3.059,1058.0,-1397.0,-338.0,Homogenized
1982,300,NO,HELLSTUGUBREEN,3.059,848.0,-1215.0,-367.0,Homogenized
1983,300,NO,HELLSTUGUBREEN,3.059,1469.0,-1312.0,156.0,Homogenized
1984,300,NO,HELLSTUGUBREEN,3.059,1219.0,-1742.0,-522.0,Homogenized
1985,300,NO,HELLSTUGUBREEN,3.059,1108.0,-1415.0,-306.0,Homogenized
1986,300,NO,HELLSTUGUBREEN,3.059,776.0,-1284.0,-507.0,Homogenized
1987,300,NO,HELLSTUGUBREEN,3.059,1150.0,-709.0,441.0,Homogenized
1988,300,NO,HELLSTUGUBREEN,3.059,1279.0,-2326.0,-1046.0,Homogenized
1989,300,NO,HELLSTUGUBREEN,3.0469999,1659.0,-872.0,787.0,Homogenized
1990,300,NO,HELLSTUGUBREEN,3.0469999,1827.0,-1102.0,724.0,Homogenized
1991,300,NO,HELLSTUGUBREEN,3.0469999,985.0,-1403.0,-418.0,Homogenized
1992,300,NO,HELLSTUGUBREEN,3.0469999,1176.0,-991.0,185.0,Homogenized
1993,300,NO,HELLSTUGUBREEN,3.0469999,1258.0,-916.0,341.0,Homogenized
1994,300,NO,HELLSTUGUBREEN,3.0469999,1269.0,-1146.0,123.0,Homogenized
1995,300,NO,HELLSTUGUBREEN,3.0469999,1431.0,-1496.0,-64.0,Homogenized
1996,300,NO,HELLSTUGUBREEN,3.0469999,663.0,-1341.0,-677.0,Homogenized
1997,300,NO,HELLSTUGUBREEN,3.0469999,1136.0,-2722.0,-1586.0,Homogenized
1998,300,NO,HELLSTUGUBREEN,3.0469999,1014.0,-983.0,31.0,Homogenized
1999,300,NO,HELLSTUGUBREEN,3.0469999,1236.0,-1600.0,-364.0,Homogenized
2000,300,NO,HELLSTUGUBREEN,3.0469999,1286.0,-1092.0,194.0,Homogenized
2001,300,NO,HELLSTUGUBREEN,3.0469999,847.0,-1209.0,-361.0,Homogenized
2002,300,NO,HELLSTUGUBREEN,3.0469999,957.0,-2367.0,-1409.0,Homogenized
2003,300,NO,HELLSTUGUBREEN,2.9030001,718.0,-2151.0,-1433.0,Homogenized
2004,300,NO,HELLSTUGUBREEN,2.9030001,654.0,-1469.0,-814.0,Homogenized
2005,300,NO,HELLSTUGUBREEN,2.9030001,1348.0,-1607.0,-259.0,Homogenized
2006,300,NO,HELLSTUGUBREEN,2.9030001,729.0,-2717.0,-1988.0,Homogenized
2007,300,NO,HELLSTUGUBREEN,2.9030001,1034.0,-1681.0,-646.0,Homogenized
2008,300,NO,HELLSTUGUBREEN,2.9030001,1423.0,-1451.0,-27.0,Homogenized
2009,300,NO,HELLSTUGUBREEN,2.9030001,1299.0,-1534.0,-234.0,Original
2010,300,NO,HELLSTUGUBREEN,2.9030001,745.0,-2085.0,-1339.0,Original
2011,300,NO,HELLSTUGUBREEN,2.9030001,826.0,-2870.0,-2041.0,Original
2012,300,NO,HELLSTUGUBREEN,2.9030001,1208.0,-1216.0,-18.0,Original
2013,300,NO,HELLSTUGUBREEN,2.9030001,1050.0,-1830.0,-779.0,Original
2014,300,NO,HELLSTUGUBREEN,2.9030001,1113.0,-2333.0,-1220.0,Original
2015,300,NO,HELLSTUGUBREEN,2.9030001,1213.0,-739.0,487.0,Original
2016,300,NO,HELLSTUGUBREEN,2.9,,,-340.0,Preliminary value NVE
