YEAR,WGMS_ID,POLITICAL_UNIT,NAME,AREA,WINTER_BALANCE,SUMMER_BALANCE,ANNUAL_BALANCE,REMARKS
1993,3454,IN,DOKRIANI,,,,-220.0,"Dobhal et al. (2008), Bulletin of Glaciological Research"
1994,3454,IN,DOKRIANI,,,,-230.0,"Dobhal et al. (2008), Bulletin of Glaciological Research"
1995,3454,IN,DOKRIANI,,,,-310.0,"Dobhal et al. (2008), Bulletin of Glaciological Research"
1998,3454,IN,DOKRIANI,,,,-340.0,"Dobhal et al. (2008), Bulletin of Glaciological Research"
1999,3454,IN,DOKRIANI,,,,-460.0,"Dobhal et al. (2008), Bulletin of Glaciological Research"
2000,3454,IN,DOKRIANI,,,,-380.0,"Dobhal et al. (2008), Bulletin of Glaciological Research"
