YEAR,WGMS_ID,POLITICAL_UNIT,NAME,AREA,WINTER_BALANCE,SUMMER_BALANCE,ANNUAL_BALANCE,REMARKS
1988,3089,IS,HOFSJOKULL N,90.6,1370.0,-2110.0,-740.0,
1989,3089,IS,HOFSJOKULL N,90.6,1760.0,-1180.0,580.0,
1990,3089,IS,HOFSJOKULL N,90.6,1450.0,-2050.0,-600.0,
1991,3089,IS,HOFSJOKULL N,,,,-1410.0,
1992,3089,IS,HOFSJOKULL N,,,,1060.0,
1993,3089,IS,HOFSJOKULL N,,,,910.0,
1994,3089,IS,HOFSJOKULL N,,,,80.0,
1995,3089,IS,HOFSJOKULL N,90.6,,,-680.0,Area from table SECTION.
1996,3089,IS,HOFSJOKULL N,,,,-780.0,
1997,3089,IS,HOFSJOKULL N,,,,-1050.0,
1998,3089,IS,HOFSJOKULL N,,,,-680.0,
1999,3089,IS,HOFSJOKULL N,,,,-250.0,
2000,3089,IS,HOFSJOKULL N,,,,-1340.0,
2001,3089,IS,HOFSJOKULL N,,,,-580.0,
2002,3089,IS,HOFSJOKULL N,81.5,,,-1000.0,Data reported for MBB No. 8.
2003,3089,IS,HOFSJOKULL N,81.5,,,-980.0,Data reported for MBB No. 8.
2004,3089,IS,HOFSJOKULL N,,,,-1360.0,
2005,3089,IS,HOFSJOKULL N,,,,-430.0,
2006,3089,IS,HOFSJOKULL N,,1380.0,-1890.0,-510.0,
2007,3089,IS,HOFSJOKULL N,,1530.0,-1920.0,-390.0,
2008,3089,IS,HOFSJOKULL N,,1740.0,-2310.0,-570.0,
2009,3089,IS,HOFSJOKULL N,,1390.0,-1740.0,-350.0,
2010,3089,IS,HOFSJOKULL N,,980.0,-3380.0,-2400.0,"Contact: Thorsteinn Thorsteinsson, Icelandic Meteorological Office (thor@vedur.is)"
2011,3089,IS,HOFSJOKULL N,81.6,1540.0,-1860.0,-320.0,
2012,3089,IS,HOFSJOKULL N,81.6,1630.0,-2090.0,-460.0,
2013,3089,IS,HOFSJOKULL N,81.6,1250.0,-1610.0,-360.0,
2014,3089,IS,HOFSJOKULL N,81.6,1460.0,-2410.0,-950.0,
2015,3089,IS,HOFSJOKULL N,74.3099975,1720.0,-1290.0,430.0,
