YEAR,WGMS_ID,POLITICAL_UNIT,NAME,AREA,WINTER_BALANCE,SUMMER_BALANCE,ANNUAL_BALANCE,REMARKS
1984,76,US,COLUMBIA (2057),,,,210.0,
1985,76,US,COLUMBIA (2057),,,,-310.0,
1986,76,US,COLUMBIA (2057),0.9,,,-200.0,
1987,76,US,COLUMBIA (2057),0.9,,,-630.0,
1988,76,US,COLUMBIA (2057),0.9,,,140.0,
1989,76,US,COLUMBIA (2057),0.9,,,-90.0,
1990,76,US,COLUMBIA (2057),0.9,,,-60.0,
1991,76,US,COLUMBIA (2057),,,,380.0,
1992,76,US,COLUMBIA (2057),,,,-1850.0,
1993,76,US,COLUMBIA (2057),,,,-900.0,
1994,76,US,COLUMBIA (2057),,,,-960.0,
1995,76,US,COLUMBIA (2057),,,,-450.0,
1996,76,US,COLUMBIA (2057),,,,-620.0,
1997,76,US,COLUMBIA (2057),,,,350.0,
1998,76,US,COLUMBIA (2057),,,,-1460.0,
1999,76,US,COLUMBIA (2057),0.9,,,1750.0,
2000,76,US,COLUMBIA (2057),,,,400.0,
2001,76,US,COLUMBIA (2057),,,,-1520.0,
2002,76,US,COLUMBIA (2057),0.91,,,600.0,
2003,76,US,COLUMBIA (2057),0.91,,,-1170.0,
2004,76,US,COLUMBIA (2057),,,,-1830.0,
2005,76,US,COLUMBIA (2057),,,,-3210.0,
2006,76,US,COLUMBIA (2057),0.9,,,-980.0,LB: 1450; UB: 1750
2007,76,US,COLUMBIA (2057),0.9,,,-370.0,LB: 1450; UB: 1750
2008,76,US,COLUMBIA (2057),,,,960.0,Elevation range reported: 1450-1750.
2009,76,US,COLUMBIA (2057),,,,-900.0,
2010,76,US,COLUMBIA (2057),,,,-210.0,
2011,76,US,COLUMBIA (2057),,,,1470.0,Lower and upper boundary of altitude interval was given as 1450 and 1750
2012,76,US,COLUMBIA (2057),,,,380.0,Glacier elevation range reported as: 1450/1750 m asl
2013,76,US,COLUMBIA (2057),0.84,,,-780.0,
2014,76,US,COLUMBIA (2057),0.84,,,-500.0,
2015,76,US,COLUMBIA (2057),0.82,,,-3480.0,
2016,76,US,COLUMBIA (2057),,,,-1180.0,Elevation range: 1455/1725 m asl.
