RGI_ID,NAME,CENLON,CENLAT,WGMS_ID
RGI50-01.00570,Gulkana Glacier,-145.427,63.281,90
RGI50-01.01104,Lemon Creek Glacier,-134.349,58.38,3334
RGI50-01.01390,Taku Glacier,-134.278,58.651,124
RGI50-01.02228,Mccall Glacier,-143.8476,69.3021,1388
RGI50-01.04591,Andrei Glacier,-131.062,56.955,34
RGI50-01.05211,Yuri Glacier,-130.684,56.975,30
RGI50-01.09162,Wolverine Glacier,-148.908,60.412,94
RGI50-02.00837,Columbia Glacier (Wa),-121.353,47.97,76
RGI50-02.00874,Lyman Glacier,-120.895,48.1717,3340
RGI50-02.00941,South Cascade Glacier,-121.059,48.3574,205
RGI50-02.00971,Sandalee Glacier,-120.79,48.41,1667
RGI50-02.00992,Yawning Glacier,-121.031,48.4474,75
RGI50-02.01093,North Klawatti Glacier,-121.093,48.5729,1664
RGI50-02.01170,Noisy Creek Glacier,-121.527,48.6735,1666
RGI50-02.01295,Sholes Glacier,-121.769,48.8142,3295
RGI50-02.01299,Rainbow Glacier,-121.777,48.7989,79
RGI50-02.01305,Easton Glacier,-121.827,48.7489,1367
RGI50-02.01356,Lower Curtis Glacier,-121.622,48.8259,77
RGI50-02.01464,Silver Glacier,-121.24,48.9769,1665
RGI50-02.01779,Sentinel Glacier,-122.979,49.8876,44
RGI50-02.01860,Helm Glacier,-122.989,49.9609,45
RGI50-02.02587,Place Glacier,-122.605,50.4195,41
RGI50-02.03590,Zavisha Glacier,-123.414,50.7918,46
RGI50-02.04114,Sykora Glacier,-123.621,50.872,59
RGI50-02.04693,Woolsey Glacier,-118.061,51.1141,1402
RGI50-02.06581,Peyto Glacier,-116.56,51.6585,57
RGI50-02.13924,Blue Glacier,-123.694,47.81,210
RGI50-02.13914,Eliot Glacier,-121.68,45.3805,3919
RGI50-02.13974,Melville South Ice Cap,-114.965,75.4291,3690
RGI50-03.00691,Meighen Ice Cap,-99.1904,79.982,16
RGI50-03.00840,Baby Glacier,-90.9688,79.4405,1
RGI50-03.02436,Devon Ice Cap Nw,-83.162,75.4978,39
RGI50-03.04539,White Glacier,-90.877,79.5146,0
RGI50-04.06187,Barnes Ice Cap South Dome N Slope,-73.0575,70.0214,38
RGI50-05.11186,Mittivakkat Glacier,-37.8032,65.6957,1629
RGI50-06.00234,Hofsjoekull E,-18.6422,64.7989,3088
RGI50-06.00236,Hofsjoekull Sw,-19.0241,64.757,3090
RGI50-06.00310,Langjoekull Ice Cap,-20.0311,64.6423,3660
RGI50-06.00377,Bruarjoekull,-16.2675,64.5867,3067
RGI50-06.00424,Koeldukvislarjoekull,-17.7174,64.5628,3096
RGI50-06.00443,Tungnaarjoekull,-17.927,64.3475,3126
RGI50-06.00472,Eyjabakkajoekull,-15.6083,64.6284,3069
RGI50-06.00477,Dyngjujoekull,-17.0539,64.6745,3068
RGI50-07.00231,Finsterwalderbreen,15.2378,77.461,3486
RGI50-07.00240,Hansbreen,15.5799,77.0748,306
RGI50-07.00490,Irenebreen,12.1249,78.6651,2669
RGI50-07.00492,Waldemarbreen,12.0692,78.6774,2307
RGI50-07.00493,Midtre Lovenbreen,12.0311,78.8779,291
RGI50-07.00504,Austre Broeggerbreen,11.8309,78.8876,292
RGI50-07.00593,Bertilbreen,16.258,78.6982,3755
RGI50-07.01060,Voeringbreen,13.9535,78.0409,3912
RGI50-07.01132,Bogerbreen,15.6267,78.1281,3914
RGI50-07.01481,Kongsvegen,13.1481,78.7872,1456
RGI50-08.00013,Rabots Glaciaer,18.4909,67.9099,334
RGI50-08.00016,Karsojietna,18.3207,68.358,330
RGI50-08.00082,Hansebreen,5.6809,61.7482,322
RGI50-08.00083,Aalfotbreen,5.6478,61.7513,317
RGI50-08.00243,Okstindbreen,14.2959,66.0209,324
RGI50-08.00411,Trollbergdalsbreen,14.4446,66.7155,316
RGI50-08.00431,Engabreen,13.8583,66.6565,298
RGI50-08.00433,Svartisheibreen,13.7593,66.5575,320
RGI50-08.00472,Storglombreen,14.0211,66.6713,297
RGI50-08.00666,Storsteinsfjellbreen,17.9114,68.2182,1329
RGI50-08.00751,Riukojietna,18.0544,68.0836,342
RGI50-08.00760,Marmaglaciaeren,18.6813,68.0815,1461
RGI50-08.00801,Tarfalaglaciaeren,18.6446,67.9349,326
RGI50-08.01439,Breidablikkbrea,6.3657,60.0727,2671
RGI50-08.01501,Rembesdalskaaka,7.3805,60.5392,2296
RGI50-08.01666,Storbreen,8.1409,61.5748,302
RGI50-08.01707,Graasubreen,8.5989,61.6562,299
RGI50-08.02022,Langfjordjoekulen,21.7402,70.1308,323
RGI50-08.02182,Hellstugubreen,8.4386,61.5587,300
RGI50-08.02419,Nigardsbreen,7.1283,61.7087,290
RGI50-08.02489,Austdalsbreen,7.3557,61.8156,321
RGI50-08.02504,Store Supphellebreen,6.8049,61.5116,287
RGI50-08.02637,Storglaciaeren,18.5604,67.9042,332
RGI50-10.01708,Su5A15106125 Vodopadniy Glacier,87.7808,50.0485,780
RGI50-10.01732,Su5A15106126 Maliy Aktru Glacier,87.7564,50.0496,795
RGI50-10.01735,Su5A15106127 Praviy Aktru Glacier,87.7123,50.0556,831
RGI50-10.01737,Su5A15106128 Leviy Aktru Glacier,87.6921,50.0816,794
RGI50-10.03264,Glacier No.31,140.8673,62.5881,3534
RGI50-10.03941,Ne Mutnovskiy Glacier,158.1804,52.4621,788
RGI50-10.03944,Sw Mutnovskiy Glacier,158.1574,52.4528,787
RGI50-10.04358,Koryto Glacier,161.8024,54.8307,791
RGI50-10.05085,Su5A03003026 Obruchev Glacier,65.7806,67.6368,729
RGI50-10.05087,Su5A03003027 Igan Glacier,66.0024,67.5798,730
RGI50-11.00012,Hochkoenig,13.0581,47.4242,3993
RGI50-11.00080,Stubacher Sonnblickkees,12.5964,47.1316,573
RGI50-11.00106,Pasterze,12.6967,47.0991,566
RGI50-11.00251,Kleinfleisskees,12.9472,47.053,547
RGI50-11.00289,Goldbergkees,12.9702,47.0421,1305
RGI50-11.00300,Wurtenkees,13.0049,47.0385,545
RGI50-11.00603,Vedretta Pendente,11.2247,46.9656,675
RGI50-11.00619,Vedretta Malavalle,11.1528,46.9566,672
RGI50-11.00719,Vernagtferner,10.818,46.8762,489
RGI50-11.00781,Jamtalferner,10.1603,46.8577,480
RGI50-11.00787,Kesselwandferner,10.7907,46.8424,507
RGI50-11.00804,Silvretta,10.0766,46.8524,408
RGI50-11.00897,Hintereisferner,10.7584,46.8003,491
RGI50-11.00892,Plattalva,8.9887,46.833,420
RGI50-11.00918,Limmern,8.9774,46.8133,421
RGI50-11.01238,Rhone,8.3965,46.6236,473
RGI50-11.01704,Fontana Bianca,10.771,46.4838,1507
RGI50-11.01876,Gries,8.3302,46.4383,359
RGI50-11.01987,Basodino,8.4812,46.416,463
RGI50-11.02214,Sforzellina,10.5127,46.348,667
RGI50-11.02835,Argentiere,6.9982,45.9429,354
RGI50-11.03254,Ciardoney,7.3898,45.5181,1264
RGI50-11.03298,Grand Etret,7.2204,45.4757,1238
RGI50-11.03432,Gebroulaz,6.6279,45.298,352
RGI50-11.03503,Saint Sorlin,6.1602,45.1604,356
RGI50-11.03515,Sarennes,6.1327,45.1325,357
RGI50-11.03818,Maladeta,0.6393,42.649,942
RGI50-11.03841,Ossoue,-0.1412,42.7712,2867
RGI50-11.03967,Calderone,13.5667,42.4705,1107
RGI50-11.03974,Nordlicher Schneeferner,10.9829,47.4159,346
RGI50-12.00161,Garabashi Glacier,42.4674,43.3121,761
RGI50-12.00807,Tbilisa Glacier,42.4732,43.1296,724
RGI50-12.00960,Marukh Glacier,41.4156,43.3638,727
RGI50-12.01132,Dzhankuat Glacier,42.7612,43.1944,726
RGI50-12.01252,Bezengi Glacier,43.084,43.0332,703
RGI50-12.01302,Tseya Glacier,43.8232,42.75,704
RGI50-13.05496,Muravlev Glacier,80.2389,45.0954,796
RGI50-13.05504,Shumskiy Glacier,80.2297,45.082,797
RGI50-13.06359,Karabatkak Glacier,78.3048,42.1461,813
RGI50-13.08055,Sary Tor Gl,78.1814,41.827,805
RGI50-13.08615,Mayakovskiy Glacier,77.1098,43.0213,808
RGI50-13.08624,Tsentralniy Tuyuksu Glacier,77.0799,43.0429,817
RGI50-13.11609,Golubin Glacier,74.4975,42.453,753
RGI50-13.18096,Abramov Glacier,71.5699,39.6097,732
RGI50-13.32330,Cn5Y437C0018 Qiyi Glacier,97.755,39.237,856
RGI50-13.33648,Cn5Y533B0033 Meikuang Glacier,94.184,35.669,3955
RGI50-13.45335,Cn5Y730C0029 Urumqi Source Glacier No.1 E Br,86.81,43.111,1511
RGI50-14.15536,Hamtah Glacier,77.3738,32.2348,3044
RGI50-14.15990,Chhota Shigri Glacier,77.5075,32.2242,2921
RGI50-15.02942,Changme Khangpu Glacier,88.6844,27.9599,1045
RGI50-15.06557,Tipra Bank Glacier,79.6749,30.7185,1049
RGI50-15.06777,Dunagiri Glacier,79.8941,30.5578,1047
RGI50-15.07605,Dokriani Glacier,78.8251,30.843,3454
RGI50-16.02086,Yanamarey,-77.2709,-9.6529,226
RGI50-16.01638,Lewis,37.314,-0.1568,695
RGI50-17.02128,Martial Este,-68.4093,-54.7862,2000
RGI50-17.13957,Echaurren Norte,-70.1338,-33.5804,1344
RGI50-18.01130,Brewster Glacier,169.437,-44.0715,1597
RGI50-18.03357,Ivory Glacier,170.926,-43.1326,900
RGI50-19.02057,Hurd Glacier,-60.3948,-62.6827,3367
RGI50-19.02059,Johnsons Glacier,-60.3547,-62.6707,3366
RGI50-02.05862,Tiedemann,-125.05,51.33,24
RGI50-01.05355,Alexander,-130.82,57.1,32
RGI50-02.04119,Bridge,-123.57,50.82,47
RGI50-03.04079,Ward H. I. Rise,-74.17,83.12,53
RGI50-02.05986,Bench,-124.92,51.43,66
RGI50-01.20830,Gilman,-137.07,58.82,138
RGI50-02.00644,Nisqually,-121.74,46.82,201
RGI50-02.00651,Emmons,-121.72,46.85,203
RGI50-05.00446,Amitsuloq Iska.,-50.22,66.12,232
RGI50-05.00115,Qapiarfiup Ser.,-52.13,65.6,238
RGI50-08.00928,Partejekna,17.67,67.17,327
RGI50-11.02923,Mer De Glace,6.93,45.88,353
RGI50-11.02789,Findelen,7.87,46.0,389
RGI50-11.00638,Pizol,9.4,46.97,417
RGI50-11.00073,Filleck K.,12.6,47.13,476
RGI50-11.00807,Vermuntgl.,10.13,46.85,482
RGI50-11.00797,Ochsentalergl.,10.1,46.85,483
RGI50-11.00929,Langtaler F.,11.01,46.78,510
RGI50-11.00002,Hallstaetter G.,13.62,47.48,535
RGI50-11.00190,Zettalunitz/Mullwitz K.,12.38,47.08,578
RGI50-11.01776,Lunga (Vedretta) / Langenf.,10.61,46.46,661
RGI50-12.01297,Khakel,41.84,43.23,700
RGI50-13.06974,Suek/Suyok Zapadniy,77.75,41.79,781
RGI50-13.08814,Visyachiy-1-2,77.08,43.04,806
RGI50-13.08531,Ordzhonikidze,77.12,43.03,809
RGI50-13.08783,Zoya Kosmodemyanskaya,77.1,43.02,810
RGI50-13.08534,Manshuk Mametova,77.1,43.04,811
RGI50-13.08781,Molodezhniy,77.09,43.01,812
RGI50-13.08782,Igli Tuyuksu,77.12,43.01,816
RGI50-15.07886,Hailuogou,101.93,29.58,849
RGI50-15.03507,Ax010,86.57,27.7,906
RGI50-14.12323,Shaune Garang,78.33,31.28,1048
RGI50-02.07173,Ram River,-116.48,51.85,1394
RGI50-03.01427,Laika Glacier,-79.5,75.88,1412
RGI50-16.00543,Zongo,-68.17,-16.25,1503
RGI50-16.01447,Chacaltaya,-68.12,-16.35,1505
RGI50-16.01339,Antizana15Alpha,-78.15,-0.47,1624
RGI50-16.02444,Artesonraju,-77.62,-8.95,3292
RGI50-05.20030,Freya,-20.82,74.38,3350
RGI50-07.01100,Fridtjovbreen,14.43,77.83,3494
RGI50-14.07524,Siachen,77.04,35.47,3666
RGI50-17.11634,Amarillo,-70.0,-29.3,3905
RGI50-03.01623,St Patrick Bay Ne Ice Cap,-64.5,81.95,3908
RGI50-04.03082,Decade,-69.92,69.66,3909
RGI50-07.01107,Longyearbreen,15.5,78.2,3913
RGI50-07.00382,Daudbreen,18.5,78.1,3915
RGI50-12.01198,Kelbashi,43.05,43.07,3917
RGI50-13.28839,Gurenhekou,90.46,30.18,3978
RGI50-17.15113,Toro 1,-70.01,-29.33,3980
RGI50-17.15114,Toro 2,-70.02,-29.33,3981
RGI50-15.11962,Parlang Zangbo: Cn5O282B0012,96.9,29.3,3986
RGI50-15.11693,Parlang Zangbo: Cn5O282A1094,96.98,29.38,3987
RGI50-15.09026,Naimona Nyi,81.33,30.45,3991
RGI50-14.19543,Neh Nar,75.52,34.16,3930
RGI50-02.00974,Spider,-120.83,48.14,3941
RGI50-08.01655,Austre Memurubreen,8.5,61.55,1317
RGI50-08.00710,Blaaisen,17.85,68.33,1328
RGI50-08.01432,Bondhusbrea,6.33,60.03,318
RGI50-08.01736,Harbardsbreen,7.68,61.7,2320
RGI50-08.02379,Tunsbergdalsbreen,7.05,61.6,1316
